{"cameraMode":{"drawMode":0,"name":"Shaded","section":"Shading Mode"},"sceneLighting":false,"audioPlay":false,"sceneViewState":{"m_AlwaysRefresh":false,"showFog":true,"showSkybox":false,"showFlares":true,"showImageEffects":true,"showParticleSystems":true,"showVisualEffectGraphs":true,"m_FxEnabled":true},"in2DMode":false,"pivot":{"x":-0.768317699432373,"y":2.3479466438293459,"z":-0.021028518676757814},"rotation":{"x":0.37483519315719607,"y":-0.07358800619840622,"z":0.02986237034201622,"w":0.9236844778060913},"size":11.990133285522461,"orthographic":true}