{"cameraMode":{"drawMode":0,"name":"Shaded","section":"Shading Mode"},"sceneLighting":true,"audioPlay":false,"sceneViewState":{"m_AlwaysRefresh":false,"showFog":true,"showSkybox":true,"showFlares":true,"showImageEffects":true,"showParticleSystems":true,"showVisualEffectGraphs":true,"m_FxEnabled":true},"in2DMode":false,"pivot":{"x":44.134422302246097,"y":0.5311260223388672,"z":14.991097450256348},"rotation":{"x":-0.009276791475713253,"y":0.9691913723945618,"z":-0.24334976077079774,"w":-0.03694567829370499},"size":8.514947891235352,"orthographic":false}