{"cameraMode":{"drawMode":0,"name":"Shaded","section":"Shading Mode"},"sceneLighting":false,"audioPlay":false,"sceneViewState":{"m_AlwaysRefresh":false,"showFog":true,"showSkybox":false,"showFlares":true,"showImageEffects":true,"showParticleSystems":true,"showVisualEffectGraphs":true,"m_FxEnabled":true},"in2DMode":false,"pivot":{"x":-2.111705780029297,"y":3.9250125885009767,"z":3.6156203746795656},"rotation":{"x":-0.001109032891690731,"y":-0.9963933825492859,"z":0.08389407396316529,"w":-0.013156984001398087},"size":10.246219635009766,"orthographic":true}