{"cameraMode":{"drawMode":0,"name":"Shaded","section":"Shading Mode"},"sceneLighting":true,"audioPlay":false,"sceneViewState":{"m_AlwaysRefresh":false,"showFog":true,"showSkybox":true,"showFlares":true,"showImageEffects":true,"showParticleSystems":true,"showVisualEffectGraphs":true,"m_FxEnabled":true},"in2DMode":false,"pivot":{"x":66.80999755859375,"y":2.559999942779541,"z":63.400001525878909},"rotation":{"x":0.15045809745788575,"y":-0.6893383264541626,"z":0.14973804354667664,"w":0.6926515102386475},"size":14.326578140258789,"orthographic":true}