{"cameraMode":{"drawMode":0,"name":"Shaded","section":"Shading Mode"},"sceneLighting":true,"audioPlay":false,"sceneViewState":{"m_AlwaysRefresh":false,"showFog":true,"showSkybox":true,"showFlares":true,"showImageEffects":true,"showParticleSystems":true,"showVisualEffectGraphs":true,"m_FxEnabled":true},"in2DMode":false,"pivot":{"x":65.62104797363281,"y":2.644730567932129,"z":105.117919921875},"rotation":{"x":0.0008804098470136523,"y":-0.9989404082298279,"z":0.040788549929857257,"w":0.021587368100881578},"size":2.9320507049560549,"orthographic":false}