{"cameraMode":{"drawMode":0,"name":"Shaded","section":"Shading Mode"},"sceneLighting":true,"audioPlay":false,"sceneViewState":{"m_AlwaysRefresh":false,"showFog":true,"showSkybox":true,"showFlares":true,"showImageEffects":true,"showParticleSystems":true,"showVisualEffectGraphs":true,"m_FxEnabled":true},"in2DMode":false,"pivot":{"x":40.907508850097659,"y":1.813999891281128,"z":18.098526000976564},"rotation":{"x":0.14139707386493684,"y":0.019302217289805414,"z":-0.002759325783699751,"w":0.9897712469100952},"size":5.4959635734558109,"orthographic":true}