{"cameraMode":{"drawMode":0,"name":"Shaded","section":"Shading Mode"},"sceneLighting":true,"audioPlay":false,"sceneViewState":{"m_AlwaysRefresh":false,"showFog":true,"showSkybox":true,"showFlares":true,"showImageEffects":true,"showParticleSystems":true,"showVisualEffectGraphs":true,"m_FxEnabled":true},"in2DMode":false,"pivot":{"x":42.82501220703125,"y":1.3397220373153687,"z":18.170000076293947},"rotation":{"x":0.177058145403862,"y":0.1221868023276329,"z":-0.022158602252602578,"w":0.9763453602790833},"size":32.491947174072269,"orthographic":true}