{"cameraMode":{"drawMode":0,"name":"Shaded","section":"Shading Mode"},"sceneLighting":true,"audioPlay":false,"sceneViewState":{"m_AlwaysRefresh":false,"showFog":true,"showSkybox":true,"showFlares":true,"showImageEffects":true,"showParticleSystems":true,"showVisualEffectGraphs":true,"m_FxEnabled":true},"in2DMode":false,"pivot":{"x":33.67383575439453,"y":16.75653839111328,"z":-18.262088775634767},"rotation":{"x":0.0007287614280357957,"y":0.9147913455963135,"z":-0.40393173694610598,"w":0.0016464622458443046},"size":118.14454650878906,"orthographic":false}