{"cameraMode":{"drawMode":0,"name":"Shaded","section":"Shading Mode"},"sceneLighting":false,"audioPlay":false,"sceneViewState":{"m_AlwaysRefresh":false,"showFog":true,"showSkybox":false,"showFlares":true,"showImageEffects":true,"showParticleSystems":true,"showVisualEffectGraphs":true,"m_FxEnabled":true},"in2DMode":false,"pivot":{"x":26.974544525146486,"y":-0.6191387176513672,"z":-3.2171897888183595},"rotation":{"x":0.0965864360332489,"y":0.7746958136558533,"z":-0.12208841741085053,"w":0.6128755211830139},"size":22.569700241088868,"orthographic":false}