{"cameraMode":{"drawMode":0,"name":"Shaded","section":"Shading Mode"},"sceneLighting":false,"audioPlay":false,"sceneViewState":{"m_AlwaysRefresh":false,"showFog":true,"showSkybox":false,"showFlares":true,"showImageEffects":true,"showParticleSystems":true,"showVisualEffectGraphs":true,"m_FxEnabled":true},"in2DMode":false,"pivot":{"x":-16.37395668029785,"y":4.455101013183594,"z":-30.07512664794922},"rotation":{"x":-0.0021720649674534799,"y":0.9955126643180847,"z":-0.09165561944246292,"w":-0.023597005754709245},"size":59.44072723388672,"orthographic":false}