{"cameraMode":{"drawMode":0,"name":"Shaded","section":"Shading Mode"},"sceneLighting":true,"audioPlay":false,"sceneViewState":{"m_AlwaysRefresh":false,"showFog":true,"showSkybox":true,"showFlares":true,"showImageEffects":true,"showParticleSystems":true,"showVisualEffectGraphs":true,"m_FxEnabled":true},"in2DMode":false,"pivot":{"x":116.02864074707031,"y":-39.23345947265625,"z":60.425201416015628},"rotation":{"x":-0.01111641712486744,"y":0.7272804379463196,"z":-0.6861536502838135,"w":-0.01178224291652441},"size":114.55072021484375,"orthographic":false}