{"cameraMode":{"drawMode":0,"name":"Shaded","section":"Shading Mode"},"sceneLighting":false,"audioPlay":false,"sceneViewState":{"m_AlwaysRefresh":false,"showFog":true,"showSkybox":false,"showFlares":true,"showImageEffects":true,"showParticleSystems":true,"showVisualEffectGraphs":true,"m_FxEnabled":true},"in2DMode":false,"pivot":{"x":66.92999267578125,"y":4.205999851226807,"z":58.20000076293945},"rotation":{"x":0.003759202314540744,"y":0.44089755415916445,"z":0.0018516686977818609,"w":-0.8975602388381958},"size":14.68502426147461,"orthographic":false}