{"cameraMode":{"drawMode":0,"name":"Shaded","section":"Shading Mode"},"sceneLighting":false,"audioPlay":false,"sceneViewState":{"m_AlwaysRefresh":false,"showFog":true,"showSkybox":false,"showFlares":true,"showImageEffects":true,"showParticleSystems":true,"showVisualEffectGraphs":true,"m_FxEnabled":true},"in2DMode":false,"pivot":{"x":-0.7949857711791992,"y":1.3397220373153687,"z":2.384185791015625e-7},"rotation":{"x":0.2646556794643402,"y":-0.018803350627422334,"z":0.0051611945964396,"w":0.9641488790512085},"size":3.018193244934082,"orthographic":true}