{"cameraMode":{"drawMode":0,"name":"Shaded","section":"Shading Mode"},"sceneLighting":false,"audioPlay":false,"sceneViewState":{"m_AlwaysRefresh":false,"showFog":true,"showSkybox":false,"showFlares":true,"showImageEffects":true,"showParticleSystems":true,"showVisualEffectGraphs":true,"m_FxEnabled":true},"in2DMode":false,"pivot":{"x":-0.31586551666259768,"y":1.3847918510437012,"z":0.5457496643066406},"rotation":{"x":-0.06947018951177597,"y":0.9264022707939148,"z":-0.2123325765132904,"w":-0.3030969500541687},"size":14.374651908874512,"orthographic":false}