{"cameraMode":{"drawMode":0,"name":"Shaded","section":"Shading Mode"},"sceneLighting":false,"audioPlay":false,"sceneViewState":{"m_AlwaysRefresh":false,"showFog":true,"showSkybox":false,"showFlares":true,"showImageEffects":true,"showParticleSystems":true,"showVisualEffectGraphs":true,"m_FxEnabled":true},"in2DMode":false,"pivot":{"x":-1.5192525386810303,"y":11.23228645324707,"z":0.14713463187217713},"rotation":{"x":-0.0013032773276790977,"y":-0.950793981552124,"z":0.30981534719467165,"w":-0.003997028339654207},"size":7.74821662902832,"orthographic":true}