{"cameraMode":{"drawMode":0,"name":"Shaded","section":"Shading Mode"},"sceneLighting":false,"audioPlay":false,"sceneViewState":{"m_AlwaysRefresh":false,"showFog":true,"showSkybox":false,"showFlares":true,"showImageEffects":true,"showParticleSystems":true,"showVisualEffectGraphs":true,"m_FxEnabled":true},"in2DMode":false,"pivot":{"x":0.20193426311016084,"y":11.48080825805664,"z":-0.20530906319618226},"rotation":{"x":0.08631110936403275,"y":-0.9123315215110779,"z":0.30791619420051577,"w":0.25573572516441347},"size":4.372098922729492,"orthographic":true}