{"cameraMode":{"drawMode":0,"name":"Shaded","section":"Shading Mode"},"sceneLighting":false,"audioPlay":false,"sceneViewState":{"m_AlwaysRefresh":false,"showFog":true,"showSkybox":false,"showFlares":true,"showImageEffects":true,"showParticleSystems":true,"showVisualEffectGraphs":true,"m_FxEnabled":true},"in2DMode":false,"pivot":{"x":1.6073511838912964,"y":1.9335706233978272,"z":-0.011182785034179688},"rotation":{"x":0.20030845701694489,"y":-0.49869370460510256,"z":0.11966294795274735,"w":0.8347845673561096},"size":3.9529106616973879,"orthographic":true}